timestamp,source_provider,source_region,source_ip,target_provider,target_region,target_ip,success,avg_latency,min_latency,max_latency
2025-09-10T05:31:37.328324,AWS,us-east-1,44.197.193.191,AWS,us-west-1,3.101.127.14,True,67.999,67.854,69.136
2025-09-10T05:31:49.162327,AWS,us-east-1,44.197.193.191,AWS,ca-central-1,35.183.28.222,True,14.068,14.022,14.34
2025-09-10T05:32:00.601652,AWS,us-east-1,44.197.193.191,AWS,sa-east-1,18.228.204.193,True,111.029,110.976,111.183
2025-09-10T05:32:12.125071,AWS,us-east-1,44.197.193.191,AWS,eu-west-1,54.77.196.70,True,68.002,67.972,68.042
2025-09-10T05:32:23.718543,AWS,us-east-1,44.197.193.191,AWS,eu-central-1,3.123.230.82,True,90.557,90.536,90.622
2025-09-10T05:32:35.273177,AWS,us-east-1,44.197.193.191,AWS,eu-south-2,51.48.141.201,True,96.145,96.122,96.219
2025-09-10T05:32:46.851985,AWS,us-east-1,44.197.193.191,AWS,me-south-1,157.175.43.197,True,165.027,165.015,165.057
2025-09-10T05:32:58.779235,AWS,us-east-1,44.197.193.191,AWS,af-south-1,13.245.80.26,True,219.125,218.96,219.615
2025-09-10T05:33:10.428778,AWS,us-east-1,44.197.193.191,AWS,ap-northeast-1,18.178.203.193,True,143.197,143.179,143.225
2025-09-10T05:33:22.104106,AWS,us-east-1,44.197.193.191,AWS,ap-northeast-2,43.201.82.223,True,181.462,181.427,181.612
2025-09-10T05:33:33.768180,AWS,us-east-1,44.197.193.191,AWS,ap-southeast-1,54.254.178.108,True,218.153,218.137,218.198
2025-09-10T05:33:45.569475,AWS,us-east-1,44.197.193.191,AWS,ap-south-1,3.7.255.134,True,279.151,279.138,279.183
2025-09-10T05:33:57.284188,AWS,us-east-1,44.197.193.191,GCP,asia-east2,35.220.211.82,True,199.87,199.741,200.358
2025-09-10T05:34:09.190043,AWS,us-east-1,44.197.193.191,GCP,asia-northeast1,34.146.49.43,True,155.415,155.335,155.722
2025-09-10T05:34:20.863475,AWS,us-east-1,44.197.193.191,GCP,asia-south1,34.14.206.223,True,256.615,256.421,257.002
2025-09-10T05:34:32.642000,AWS,us-east-1,44.197.193.191,GCP,asia-southeast1,34.143.249.209,True,218.038,216.72,228.964
2025-09-10T05:34:44.340723,AWS,us-east-1,44.197.193.191,GCP,australia-southeast1,35.189.28.92,True,195.413,195.365,195.48
2025-09-10T05:34:56.376437,AWS,us-east-1,44.197.193.191,GCP,europe-central2,34.118.104.209,True,99.44,99.358,99.732
2025-09-10T05:35:08.008058,AWS,us-east-1,44.197.193.191,GCP,europe-west12,34.17.98.142,True,96.381,96.006,97.407
2025-09-10T05:35:19.831168,AWS,us-east-1,44.197.193.191,GCP,europe-west4,35.204.253.143,True,86.337,86.201,86.565
2025-09-10T05:35:31.379753,AWS,us-east-1,44.197.193.191,GCP,northamerica-northeast1,34.118.178.175,True,14.915,14.8,15.241
2025-09-10T05:35:42.818016,AWS,us-east-1,44.197.193.191,GCP,southamerica-east1,34.39.143.140,True,121.294,121.113,121.574
2025-09-10T05:35:54.382530,AWS,us-east-1,44.197.193.191,GCP,us-east4,34.186.64.79,True,2.224,1.957,3.693
2025-09-10T05:36:05.838393,AWS,us-east-1,44.197.193.191,GCP,us-west1,104.196.242.133,True,62.797,62.666,62.98
2025-09-10T05:36:17.340953,AWS,us-west-1,3.101.127.14,AWS,us-east-1,44.197.193.191,True,67.878,67.848,67.903
2025-09-10T05:36:28.527887,AWS,us-west-1,3.101.127.14,AWS,ca-central-1,35.183.28.222,True,78.519,78.494,78.551
2025-09-10T05:36:39.393545,AWS,us-west-1,3.101.127.14,AWS,sa-east-1,18.228.204.193,True,172.24,172.223,172.259
2025-09-10T05:36:50.325053,AWS,us-west-1,3.101.127.14,AWS,eu-west-1,54.77.196.70,True,126.363,126.347,126.372
2025-09-10T05:37:01.149603,AWS,us-west-1,3.101.127.14,AWS,eu-central-1,3.123.230.82,True,152.693,152.632,152.848
2025-09-10T05:37:12.021578,AWS,us-west-1,3.101.127.14,AWS,eu-south-2,51.48.141.201,True,166.918,166.877,167.004
2025-09-10T05:37:23.046237,AWS,us-west-1,3.101.127.14,AWS,me-south-1,157.175.43.197,True,232.752,232.739,232.782
2025-09-10T05:37:34.317045,AWS,us-west-1,3.101.127.14,AWS,af-south-1,13.245.80.26,True,282.009,281.971,282.119
2025-09-10T05:37:45.375489,AWS,us-west-1,3.101.127.14,AWS,ap-northeast-1,18.178.203.193,True,105.724,105.705,105.807
2025-09-10T05:37:56.251446,AWS,us-west-1,3.101.127.14,AWS,ap-northeast-2,43.201.82.223,True,123.154,123.116,123.342
2025-09-10T05:38:07.114264,AWS,us-west-1,3.101.127.14,AWS,ap-southeast-1,54.254.178.108,True,169.923,169.897,169.994
2025-09-10T05:38:18.062095,AWS,us-west-1,3.101.127.14,AWS,ap-south-1,3.7.255.134,True,227.02,226.999,227.077
2025-09-10T05:38:28.990572,AWS,us-west-1,3.101.127.14,GCP,asia-east2,35.220.211.82,True,157.662,157.576,157.919
2025-09-10T05:38:40.117598,AWS,us-west-1,3.101.127.14,GCP,asia-northeast1,34.146.49.43,True,112.335,112.256,112.554
2025-09-10T05:38:51.059752,AWS,us-west-1,3.101.127.14,GCP,asia-south1,34.14.206.223,True,237.599,237.485,238.042
2025-09-10T05:39:01.993621,AWS,us-west-1,3.101.127.14,GCP,asia-southeast1,34.143.249.209,True,174.81,174.586,175.435
2025-09-10T05:39:13.193833,AWS,us-west-1,3.101.127.14,GCP,australia-southeast1,35.189.28.92,True,145.549,145.497,145.768
2025-09-10T05:39:24.060676,AWS,us-west-1,3.101.127.14,GCP,europe-central2,34.118.104.209,True,157.644,157.517,157.911
2025-09-10T05:39:34.914869,AWS,us-west-1,3.101.127.14,GCP,europe-west12,34.17.98.142,True,151.649,151.529,151.821
2025-09-10T05:39:46.032109,AWS,us-west-1,3.101.127.14,GCP,europe-west4,35.204.253.143,True,140.074,139.937,140.438
2025-09-10T05:39:56.886349,AWS,us-west-1,3.101.127.14,GCP,northamerica-northeast1,34.118.178.175,True,66.597,66.357,66.94
2025-09-10T05:40:07.798020,AWS,us-west-1,3.101.127.14,GCP,southamerica-east1,34.39.143.140,True,167.718,167.57,168.105
2025-09-10T05:40:18.734757,AWS,us-west-1,3.101.127.14,GCP,us-east4,34.186.64.79,True,62.019,61.651,63.558
2025-09-10T05:40:29.651040,AWS,us-west-1,3.101.127.14,GCP,us-west1,104.196.242.133,True,22.21,22.092,22.497
2025-09-10T05:40:40.413961,AWS,ca-central-1,35.183.28.222,AWS,us-east-1,44.197.193.191,True,14.078,14.013,14.573
2025-09-10T05:40:52.386981,AWS,ca-central-1,35.183.28.222,AWS,us-west-1,3.101.127.14,True,78.522,78.49,78.64
2025-09-10T05:41:03.938862,AWS,ca-central-1,35.183.28.222,AWS,sa-east-1,18.228.204.193,True,123.828,123.808,123.867
2025-09-10T05:41:15.529161,AWS,ca-central-1,35.183.28.222,AWS,eu-west-1,54.77.196.70,True,67.325,67.316,67.339
2025-09-10T05:41:27.153510,AWS,ca-central-1,35.183.28.222,AWS,eu-central-1,3.123.230.82,True,92.939,92.931,92.955
2025-09-10T05:41:38.693426,AWS,ca-central-1,35.183.28.222,AWS,eu-south-2,51.48.141.201,True,106.113,106.092,106.173
2025-09-10T05:41:50.312858,AWS,ca-central-1,35.183.28.222,AWS,me-south-1,157.175.43.197,True,161.674,161.621,161.832
2025-09-10T05:42:02.179695,AWS,ca-central-1,35.183.28.222,AWS,af-south-1,13.245.80.26,True,217.452,217.403,217.628
2025-09-10T05:42:13.963677,AWS,ca-central-1,35.183.28.222,AWS,ap-northeast-1,18.178.203.193,True,154.764,154.724,154.846
2025-09-10T05:42:25.566937,AWS,ca-central-1,35.183.28.222,AWS,ap-northeast-2,43.201.82.223,True,176.107,176.083,176.131
2025-09-10T05:42:37.164831,AWS,ca-central-1,35.183.28.222,AWS,ap-southeast-1,54.254.178.108,True,227.039,227.027,227.088
2025-09-10T05:42:48.841616,AWS,ca-central-1,35.183.28.222,AWS,ap-south-1,3.7.255.134,True,281.118,281.059,281.246
2025-09-10T05:43:00.625404,AWS,ca-central-1,35.183.28.222,GCP,asia-east2,35.220.211.82,True,213.695,213.561,213.904
2025-09-10T05:43:12.574714,AWS,ca-central-1,35.183.28.222,GCP,asia-northeast1,34.146.49.43,True,166.879,166.78,167.173
2025-09-10T05:43:24.221087,AWS,ca-central-1,35.183.28.222,GCP,asia-south1,34.14.206.223,True,257.251,257.16,257.51
2025-09-10T05:43:35.900758,AWS,ca-central-1,35.183.28.222,GCP,asia-southeast1,34.143.249.209,True,230.389,230.28,230.603
2025-09-10T05:43:47.619348,AWS,ca-central-1,35.183.28.222,GCP,australia-southeast1,35.189.28.92,True,255.561,209.808,666.656
2025-09-10T05:43:59.327787,AWS,ca-central-1,35.183.28.222,GCP,europe-central2,34.118.104.209,True,101.603,101.474,102.057
2025-09-10T05:44:10.880973,AWS,ca-central-1,35.183.28.222,GCP,europe-west12,34.17.98.142,True,99.496,99.382,99.645
2025-09-10T05:44:22.613377,AWS,ca-central-1,35.183.28.222,GCP,europe-west4,35.204.253.143,True,86.803,86.671,87.051
2025-09-10T05:44:34.129933,AWS,ca-central-1,35.183.28.222,GCP,northamerica-northeast1,34.118.178.175,True,1.454,1.297,1.954
2025-09-10T05:44:45.668463,AWS,ca-central-1,35.183.28.222,GCP,southamerica-east1,34.39.143.140,True,136.783,136.672,137.064
2025-09-10T05:44:57.261711,AWS,ca-central-1,35.183.28.222,GCP,us-east4,34.186.64.79,True,14.787,14.507,16.362
2025-09-10T05:45:08.713898,AWS,ca-central-1,35.183.28.222,GCP,us-west1,104.196.242.133,True,74.946,74.803,75.228
2025-09-10T05:45:20.241945,AWS,sa-east-1,18.228.204.193,AWS,us-east-1,44.197.193.191,True,111.004,110.974,111.06
2025-09-10T05:45:34.012509,AWS,sa-east-1,18.228.204.193,AWS,us-west-1,3.101.127.14,True,172.275,172.238,172.41
2025-09-10T05:45:47.010139,AWS,sa-east-1,18.228.204.193,AWS,ca-central-1,35.183.28.222,True,123.885,123.815,124.223
2025-09-10T05:46:00.042869,AWS,sa-east-1,18.228.204.193,AWS,eu-west-1,54.77.196.70,True,175.916,175.901,175.938
2025-09-10T05:46:13.094503,AWS,sa-east-1,18.228.204.193,AWS,eu-central-1,3.123.230.82,True,200.651,200.609,200.811
2025-09-10T05:46:26.216296,AWS,sa-east-1,18.228.204.193,AWS,eu-south-2,51.48.141.201,True,214.676,214.651,214.731
2025-09-10T05:46:39.352447,AWS,sa-east-1,18.228.204.193,AWS,me-south-1,157.175.43.197,True,269.812,269.764,269.926
2025-09-10T05:46:52.546983,AWS,sa-east-1,18.228.204.193,AWS,af-south-1,13.245.80.26,True,334.1,334.065,334.225
2025-09-10T05:47:05.746937,AWS,sa-east-1,18.228.204.193,AWS,ap-northeast-1,18.178.203.193,True,254.497,254.439,254.636
2025-09-10T05:47:18.869602,AWS,sa-east-1,18.228.204.193,AWS,ap-northeast-2,43.201.82.223,True,297.254,297.205,297.338
2025-09-10T05:47:32.084770,AWS,sa-east-1,18.228.204.193,AWS,ap-southeast-1,54.254.178.108,True,325.651,325.593,325.753
2025-09-10T05:47:45.412449,AWS,sa-east-1,18.228.204.193,AWS,ap-south-1,3.7.255.134,True,400.614,400.561,400.918
2025-09-10T05:47:58.658820,AWS,sa-east-1,18.228.204.193,GCP,asia-east2,35.220.211.82,True,310.19,310.038,310.349
2025-09-10T05:48:11.907028,AWS,sa-east-1,18.228.204.193,GCP,asia-northeast1,34.146.49.43,True,266.874,266.754,267.062
2025-09-10T05:48:25.053935,AWS,sa-east-1,18.228.204.193,GCP,asia-south1,34.14.206.223,True,365.224,364.598,369.79
2025-09-10T05:48:38.278970,AWS,sa-east-1,18.228.204.193,GCP,asia-southeast1,34.143.249.209,True,331.499,331.351,331.713
2025-09-10T05:48:51.643033,AWS,sa-east-1,18.228.204.193,GCP,australia-southeast1,35.189.28.92,True,307.782,307.681,308.004
2025-09-10T05:49:04.881180,AWS,sa-east-1,18.228.204.193,GCP,europe-central2,34.118.104.209,True,209.78,209.664,210.005
2025-09-10T05:49:18.059385,AWS,sa-east-1,18.228.204.193,GCP,europe-west12,34.17.98.142,True,206.138,206.003,206.381
2025-09-10T05:49:31.142214,AWS,sa-east-1,18.228.204.193,GCP,europe-west4,35.204.253.143,True,197.687,197.59,197.882
2025-09-10T05:49:44.299919,AWS,sa-east-1,18.228.204.193,GCP,northamerica-northeast1,34.118.178.175,True,126.008,125.915,126.283
2025-09-10T05:49:57.430965,AWS,sa-east-1,18.228.204.193,GCP,southamerica-east1,34.39.143.140,True,1.719,1.567,2.002
2025-09-10T05:50:10.329192,AWS,sa-east-1,18.228.204.193,GCP,us-east4,34.186.64.79,True,115.188,115.001,116.173
2025-09-10T05:50:23.315245,AWS,sa-east-1,18.228.204.193,GCP,us-west1,104.196.242.133,True,177.462,177.285,178.147
2025-09-10T05:50:36.391482,AWS,eu-west-1,54.77.196.70,AWS,us-east-1,44.197.193.191,True,68.083,67.985,68.372
2025-09-10T05:50:49.314246,AWS,eu-west-1,54.77.196.70,AWS,us-west-1,3.101.127.14,True,126.403,126.35,126.474
2025-09-10T05:51:01.923579,AWS,eu-west-1,54.77.196.70,AWS,ca-central-1,35.183.28.222,True,67.342,67.319,67.42
2025-09-10T05:51:14.476556,AWS,eu-west-1,54.77.196.70,AWS,sa-east-1,18.228.204.193,True,175.963,175.899,176.179
2025-09-10T05:51:27.157613,AWS,eu-west-1,54.77.196.70,AWS,eu-central-1,3.123.230.82,True,26.988,26.966,27.027
2025-09-10T05:51:39.619940,AWS,eu-west-1,54.77.196.70,AWS,eu-south-2,51.48.141.201,True,30.57,30.557,30.583
2025-09-10T05:51:52.148855,AWS,eu-west-1,54.77.196.70,AWS,me-south-1,157.175.43.197,True,96.32,96.221,96.684
2025-09-10T05:52:04.680949,AWS,eu-west-1,54.77.196.70,AWS,af-south-1,13.245.80.26,True,154.734,154.715,154.753
2025-09-10T05:52:17.344080,AWS,eu-west-1,54.77.196.70,AWS,ap-northeast-1,18.178.203.193,True,199.596,199.572,199.648
2025-09-10T05:52:29.955902,AWS,eu-west-1,54.77.196.70,AWS,ap-northeast-2,43.201.82.223,True,239.432,239.311,240.185
2025-09-10T05:52:42.676411,AWS,eu-west-1,54.77.196.70,AWS,ap-southeast-1,54.254.178.108,True,180.608,180.571,180.766
2025-09-10T05:52:55.417376,AWS,eu-west-1,54.77.196.70,AWS,ap-south-1,3.7.255.134,True,152.083,152.039,152.176
2025-09-10T05:53:08.026820,AWS,eu-west-1,54.77.196.70,GCP,asia-east2,35.220.211.82,True,241.755,241.633,242.124
2025-09-10T05:53:20.778566,AWS,eu-west-1,54.77.196.70,GCP,asia-northeast1,34.146.49.43,True,223.506,223.422,223.788
2025-09-10T05:53:33.435956,AWS,eu-west-1,54.77.196.70,GCP,asia-south1,34.14.206.223,True,373.596,373.511,373.702
2025-09-10T05:53:46.293954,AWS,eu-west-1,54.77.196.70,GCP,asia-southeast1,34.143.249.209,True,289.717,289.492,290.112
2025-09-10T05:53:59.094551,AWS,eu-west-1,54.77.196.70,GCP,australia-southeast1,35.189.28.92,True,269.875,269.823,270.026
2025-09-10T05:54:11.888472,AWS,eu-west-1,54.77.196.70,GCP,europe-central2,34.118.104.209,True,38.672,38.568,38.969
2025-09-10T05:54:24.482612,AWS,eu-west-1,54.77.196.70,GCP,europe-west12,34.17.98.142,True,37.193,37.071,37.681
2025-09-10T05:54:37.012800,AWS,eu-west-1,54.77.196.70,GCP,europe-west4,35.204.253.143,True,20.029,19.917,20.35
2025-09-10T05:54:49.503727,AWS,eu-west-1,54.77.196.70,GCP,northamerica-northeast1,34.118.178.175,True,86.574,86.424,86.73
2025-09-10T05:55:02.130243,AWS,eu-west-1,54.77.196.70,GCP,southamerica-east1,34.39.143.140,True,197.645,197.518,197.904
2025-09-10T05:55:14.783133,AWS,eu-west-1,54.77.196.70,GCP,us-east4,34.186.64.79,True,84.511,83.374,85.302
2025-09-10T05:55:27.261362,AWS,eu-west-1,54.77.196.70,GCP,us-west1,104.196.242.133,True,136.35,136.205,136.615
2025-09-10T05:55:39.908165,AWS,eu-central-1,3.123.230.82,AWS,us-east-1,44.197.193.191,True,90.611,90.532,90.941
2025-09-10T05:55:53.221174,AWS,eu-central-1,3.123.230.82,AWS,us-west-1,3.101.127.14,True,152.704,152.618,152.98
2025-09-10T05:56:05.872891,AWS,eu-central-1,3.123.230.82,AWS,ca-central-1,35.183.28.222,True,92.996,92.921,93.471
2025-09-10T05:56:18.542106,AWS,eu-central-1,3.123.230.82,AWS,sa-east-1,18.228.204.193,True,200.689,200.622,200.88
2025-09-10T05:56:31.275665,AWS,eu-central-1,3.123.230.82,AWS,eu-west-1,54.77.196.70,True,27.019,26.972,27.134
2025-09-10T05:56:43.818973,AWS,eu-central-1,3.123.230.82,AWS,eu-south-2,51.48.141.201,True,31.782,31.747,31.967
2025-09-10T05:56:56.483042,AWS,eu-central-1,3.123.230.82,AWS,me-south-1,157.175.43.197,True,82.766,82.732,82.803
2025-09-10T05:57:09.193254,AWS,eu-central-1,3.123.230.82,AWS,af-south-1,13.245.80.26,True,156.303,156.263,156.442
2025-09-10T05:57:21.924952,AWS,eu-central-1,3.123.230.82,AWS,ap-northeast-1,18.178.203.193,True,223.006,222.986,223.035
2025-09-10T05:57:34.612655,AWS,eu-central-1,3.123.230.82,AWS,ap-northeast-2,43.201.82.223,True,223.388,223.287,223.738
2025-09-10T05:57:47.280835,AWS,eu-central-1,3.123.230.82,AWS,ap-southeast-1,54.254.178.108,True,156.738,156.709,156.868
2025-09-10T05:58:00.032059,AWS,eu-central-1,3.123.230.82,AWS,ap-south-1,3.7.255.134,True,216.7,216.651,216.831
2025-09-10T05:58:12.724238,AWS,eu-central-1,3.123.230.82,GCP,asia-east2,35.220.211.82,True,233.729,233.561,234.106
2025-09-10T05:58:25.513298,AWS,eu-central-1,3.123.230.82,GCP,asia-northeast1,34.146.49.43,True,233.963,233.856,234.216
2025-09-10T05:58:38.342326,AWS,eu-central-1,3.123.230.82,GCP,asia-south1,34.14.206.223,True,351.127,351.062,351.262
2025-09-10T05:58:51.142177,AWS,eu-central-1,3.123.230.82,GCP,asia-southeast1,34.143.249.209,True,227.975,227.87,228.231
2025-09-10T05:59:04.017857,AWS,eu-central-1,3.123.230.82,GCP,australia-southeast1,35.189.28.92,True,304.276,304.132,304.637
2025-09-10T05:59:16.805718,AWS,eu-central-1,3.123.230.82,GCP,europe-central2,34.118.104.209,True,20.477,20.315,20.853
2025-09-10T05:59:29.379591,AWS,eu-central-1,3.123.230.82,GCP,europe-west12,34.17.98.142,True,13.717,13.517,14.342
2025-09-10T05:59:41.901689,AWS,eu-central-1,3.123.230.82,GCP,europe-west4,35.204.253.143,True,9.185,9.0,9.599
2025-09-10T05:59:54.398552,AWS,eu-central-1,3.123.230.82,GCP,northamerica-northeast1,34.118.178.175,True,89.14,88.942,89.445
2025-09-10T06:00:07.133003,AWS,eu-central-1,3.123.230.82,GCP,southamerica-east1,34.39.143.140,True,202.985,202.858,203.433
2025-09-10T06:00:20.158962,AWS,eu-central-1,3.123.230.82,GCP,us-east4,34.186.64.79,True,88.245,88.054,89.752
2025-09-10T06:00:32.743499,AWS,eu-central-1,3.123.230.82,GCP,us-west1,104.196.242.133,True,140.611,140.506,140.925
2025-09-10T06:00:45.512673,AWS,eu-south-2,51.48.141.201,AWS,us-east-1,44.197.193.191,True,96.092,96.056,96.202
2025-09-10T06:00:58.806485,AWS,eu-south-2,51.48.141.201,AWS,us-west-1,3.101.127.14,True,166.955,166.881,167.411
2025-09-10T06:01:11.818411,AWS,eu-south-2,51.48.141.201,AWS,ca-central-1,35.183.28.222,True,106.104,106.083,106.134
2025-09-10T06:01:24.563567,AWS,eu-south-2,51.48.141.201,AWS,sa-east-1,18.228.204.193,True,214.656,214.626,214.694
2025-09-10T06:01:37.500646,AWS,eu-south-2,51.48.141.201,AWS,eu-west-1,54.77.196.70,True,30.577,30.545,30.677
2025-09-10T06:01:50.229064,AWS,eu-south-2,51.48.141.201,AWS,eu-central-1,3.123.230.82,True,31.784,31.742,31.833
2025-09-10T06:02:03.000324,AWS,eu-south-2,51.48.141.201,AWS,me-south-1,157.175.43.197,True,105.515,105.497,105.571
2025-09-10T06:02:15.719256,AWS,eu-south-2,51.48.141.201,AWS,af-south-1,13.245.80.26,True,132.325,132.317,132.346
2025-09-10T06:02:28.600070,AWS,eu-south-2,51.48.141.201,AWS,ap-northeast-1,18.178.203.193,True,219.073,218.991,219.555
2025-09-10T06:02:41.472065,AWS,eu-south-2,51.48.141.201,AWS,ap-northeast-2,43.201.82.223,True,225.11,225.08,225.164
2025-09-10T06:02:54.292787,AWS,eu-south-2,51.48.141.201,AWS,ap-southeast-1,54.254.178.108,True,150.309,150.25,150.535
2025-09-10T06:03:07.173097,AWS,eu-south-2,51.48.141.201,AWS,ap-south-1,3.7.255.134,True,201.782,201.755,201.889
2025-09-10T06:03:20.066971,AWS,eu-south-2,51.48.141.201,GCP,asia-east2,35.220.211.82,True,264.073,263.933,264.37
2025-09-10T06:03:33.056728,AWS,eu-south-2,51.48.141.201,GCP,asia-northeast1,34.146.49.43,True,241.807,241.739,242.035
2025-09-10T06:03:45.881452,AWS,eu-south-2,51.48.141.201,GCP,asia-south1,34.14.206.223,True,377.219,377.028,378.087
2025-09-10T06:03:58.945246,AWS,eu-south-2,51.48.141.201,GCP,asia-southeast1,34.143.249.209,True,254.777,254.638,254.979
2025-09-10T06:04:11.953513,AWS,eu-south-2,51.48.141.201,GCP,australia-southeast1,35.189.28.92,True,287.441,287.345,287.747
2025-09-10T06:04:24.799667,AWS,eu-south-2,51.48.141.201,GCP,europe-central2,34.118.104.209,True,55.238,55.128,55.601
2025-09-10T06:04:37.521951,AWS,eu-south-2,51.48.141.201,GCP,europe-west12,34.17.98.142,True,38.529,35.201,67.315
2025-09-10T06:04:50.249063,AWS,eu-south-2,51.48.141.201,GCP,europe-west4,35.204.253.143,True,45.156,44.978,45.354
2025-09-10T06:05:02.924677,AWS,eu-south-2,51.48.141.201,GCP,northamerica-northeast1,34.118.178.175,True,100.867,100.804,101.099
2025-09-10T06:05:15.765236,AWS,eu-south-2,51.48.141.201,GCP,southamerica-east1,34.39.143.140,True,216.383,216.263,216.7
2025-09-10T06:05:28.567127,AWS,eu-south-2,51.48.141.201,GCP,us-east4,34.186.64.79,True,98.523,98.198,100.443
2025-09-10T06:05:41.317934,AWS,eu-south-2,51.48.141.201,GCP,us-west1,104.196.242.133,True,154.293,154.121,154.536
2025-09-10T06:05:54.135463,AWS,me-south-1,157.175.43.197,AWS,us-east-1,44.197.193.191,True,165.303,165.263,165.382
2025-09-10T06:06:08.256039,AWS,me-south-1,157.175.43.197,AWS,us-west-1,3.101.127.14,True,224.478,224.444,224.536
2025-09-10T06:06:21.691647,AWS,me-south-1,157.175.43.197,AWS,ca-central-1,35.183.28.222,True,161.672,161.628,161.821
2025-09-10T06:06:35.132078,AWS,me-south-1,157.175.43.197,AWS,sa-east-1,18.228.204.193,True,269.825,269.778,269.927
2025-09-10T06:06:48.927388,AWS,me-south-1,157.175.43.197,AWS,eu-west-1,54.77.196.70,True,96.247,96.222,96.288
2025-09-10T06:07:02.507486,AWS,me-south-1,157.175.43.197,AWS,eu-central-1,3.123.230.82,True,82.795,82.737,83.095
2025-09-10T06:07:16.183532,AWS,me-south-1,157.175.43.197,AWS,eu-south-2,51.48.141.201,True,105.539,105.494,105.636
2025-09-10T06:07:29.840977,AWS,me-south-1,157.175.43.197,AWS,af-south-1,13.245.80.26,True,153.345,153.336,153.356
2025-09-10T06:07:43.543543,AWS,me-south-1,157.175.43.197,AWS,ap-northeast-1,18.178.203.193,True,287.49,287.389,288.174
2025-09-10T06:07:57.337441,AWS,me-south-1,157.175.43.197,AWS,ap-northeast-2,43.201.82.223,True,270.149,270.125,270.211
2025-09-10T06:08:11.132940,AWS,me-south-1,157.175.43.197,AWS,ap-southeast-1,54.254.178.108,True,237.002,236.963,237.115
2025-09-10T06:08:24.893270,AWS,me-south-1,157.175.43.197,AWS,ap-south-1,3.7.255.134,True,35.429,35.374,35.726
2025-09-10T06:08:38.437444,AWS,me-south-1,157.175.43.197,GCP,asia-east2,35.220.211.82,True,280.038,279.902,280.388
2025-09-10T06:08:52.203883,AWS,me-south-1,157.175.43.197,GCP,asia-northeast1,34.146.49.43,True,278.73,278.625,278.915
2025-09-10T06:09:05.941302,AWS,me-south-1,157.175.43.197,GCP,asia-south1,34.14.206.223,True,279.945,279.863,280.193
2025-09-10T06:09:19.698328,AWS,me-south-1,157.175.43.197,GCP,asia-southeast1,34.143.249.209,True,274.772,274.663,274.924
2025-09-10T06:09:33.408980,AWS,me-south-1,157.175.43.197,GCP,australia-southeast1,35.189.28.92,True,312.616,312.512,312.897
2025-09-10T06:09:47.215185,AWS,me-south-1,157.175.43.197,GCP,europe-central2,34.118.104.209,True,120.029,119.905,120.339
2025-09-10T06:10:00.895285,AWS,me-south-1,157.175.43.197,GCP,europe-west12,34.17.98.142,True,104.861,104.731,105.098
2025-09-10T06:10:14.542255,AWS,me-south-1,157.175.43.197,GCP,europe-west4,35.204.253.143,True,109.259,109.132,109.673
2025-09-10T06:10:28.166419,AWS,me-south-1,157.175.43.197,GCP,northamerica-northeast1,34.118.178.175,True,182.793,182.709,183.108
2025-09-10T06:10:41.936536,AWS,me-south-1,157.175.43.197,GCP,southamerica-east1,34.39.143.140,True,295.803,295.601,296.159
2025-09-10T06:10:55.750686,AWS,me-south-1,157.175.43.197,GCP,us-east4,34.186.64.79,True,176.792,176.548,178.447
2025-09-10T06:11:09.457729,AWS,me-south-1,157.175.43.197,GCP,us-west1,104.196.242.133,True,229.719,229.609,229.972
2025-09-10T06:11:23.177517,AWS,af-south-1,13.245.80.26,AWS,us-east-1,44.197.193.191,True,218.979,218.952,219.08
2025-09-10T06:11:38.016013,AWS,af-south-1,13.245.80.26,AWS,us-west-1,3.101.127.14,True,281.99,281.969,282.041
2025-09-10T06:11:52.674808,AWS,af-south-1,13.245.80.26,AWS,ca-central-1,35.183.28.222,True,217.776,217.41,219.999
2025-09-10T06:12:07.383432,AWS,af-south-1,13.245.80.26,AWS,sa-east-1,18.228.204.193,True,334.118,334.051,334.283
2025-09-10T06:12:22.100410,AWS,af-south-1,13.245.80.26,AWS,eu-west-1,54.77.196.70,True,151.056,150.981,151.585
2025-09-10T06:12:36.724830,AWS,af-south-1,13.245.80.26,AWS,eu-central-1,3.123.230.82,True,156.284,156.265,156.302
2025-09-10T06:12:51.247410,AWS,af-south-1,13.245.80.26,AWS,eu-south-2,51.48.141.201,True,132.348,132.301,132.459
2025-09-10T06:13:05.681750,AWS,af-south-1,13.245.80.26,AWS,me-south-1,157.175.43.197,True,153.372,153.343,153.45
2025-09-10T06:13:20.090698,AWS,af-south-1,13.245.80.26,AWS,ap-northeast-1,18.178.203.193,True,395.291,395.262,395.363
2025-09-10T06:13:34.848309,AWS,af-south-1,13.245.80.26,AWS,ap-northeast-2,43.201.82.223,True,381.316,381.278,381.371
2025-09-10T06:13:49.657750,AWS,af-south-1,13.245.80.26,AWS,ap-southeast-1,54.254.178.108,True,326.018,325.921,326.554
2025-09-10T06:14:04.459214,AWS,af-south-1,13.245.80.26,AWS,ap-south-1,3.7.255.134,True,173.995,173.977,174.024
2025-09-10T06:14:18.921824,AWS,af-south-1,13.245.80.26,GCP,asia-east2,35.220.211.82,True,384.302,383.568,384.618
2025-09-10T06:14:33.711109,AWS,af-south-1,13.245.80.26,GCP,asia-northeast1,34.146.49.43,True,385.606,385.513,385.849
2025-09-10T06:14:48.487268,AWS,af-south-1,13.245.80.26,GCP,asia-south1,34.14.206.223,True,385.09,384.999,385.257
2025-09-10T06:15:03.389804,AWS,af-south-1,13.245.80.26,GCP,asia-southeast1,34.143.249.209,True,386.456,386.361,386.841
2025-09-10T06:15:18.126827,AWS,af-south-1,13.245.80.26,GCP,australia-southeast1,35.189.28.92,True,418.257,418.174,418.384
2025-09-10T06:15:32.963391,AWS,af-south-1,13.245.80.26,GCP,europe-central2,34.118.104.209,True,192.551,192.433,192.83
2025-09-10T06:15:47.514626,AWS,af-south-1,13.245.80.26,GCP,europe-west12,34.17.98.142,True,183.367,183.286,183.653
2025-09-10T06:16:02.105431,AWS,af-south-1,13.245.80.26,GCP,europe-west4,35.204.253.143,True,172.016,171.75,172.299
2025-09-10T06:16:16.804032,AWS,af-south-1,13.245.80.26,GCP,northamerica-northeast1,34.118.178.175,True,242.441,242.35,242.693
2025-09-10T06:16:31.499000,AWS,af-south-1,13.245.80.26,GCP,southamerica-east1,34.39.143.140,True,348.85,348.7,349.14
2025-09-10T06:16:46.385581,AWS,af-south-1,13.245.80.26,GCP,us-east4,34.186.64.79,True,241.638,241.433,243.059
2025-09-10T06:17:01.083788,AWS,af-south-1,13.245.80.26,GCP,us-west1,104.196.242.133,True,282.607,282.408,283.181
2025-09-10T06:17:15.757296,AWS,ap-northeast-1,18.178.203.193,AWS,us-east-1,44.197.193.191,True,145.476,145.46,145.502
2025-09-10T06:17:26.434829,AWS,ap-northeast-1,18.178.203.193,AWS,us-west-1,3.101.127.14,True,106.468,106.423,106.667
2025-09-10T06:17:36.289534,AWS,ap-northeast-1,18.178.203.193,AWS,ca-central-1,35.183.28.222,True,154.503,154.473,154.675
2025-09-10T06:17:46.209128,AWS,ap-northeast-1,18.178.203.193,AWS,sa-east-1,18.228.204.193,True,254.661,254.611,254.764
2025-09-10T06:17:56.244853,AWS,ap-northeast-1,18.178.203.193,AWS,eu-west-1,54.77.196.70,True,200.371,199.875,204.527
2025-09-10T06:18:06.232570,AWS,ap-northeast-1,18.178.203.193,AWS,eu-central-1,3.123.230.82,True,223.015,222.959,223.138
2025-09-10T06:18:16.219033,AWS,ap-northeast-1,18.178.203.193,AWS,eu-south-2,51.48.141.201,True,218.932,218.907,219.015
2025-09-10T06:18:26.199330,AWS,ap-northeast-1,18.178.203.193,AWS,me-south-1,157.175.43.197,True,287.5,287.436,287.697
2025-09-10T06:18:36.624325,AWS,ap-northeast-1,18.178.203.193,AWS,af-south-1,13.245.80.26,True,395.308,395.265,395.411
2025-09-10T06:18:46.770476,AWS,ap-northeast-1,18.178.203.193,AWS,ap-northeast-2,43.201.82.223,True,33.869,33.84,33.993
2025-09-10T06:18:56.576174,AWS,ap-northeast-1,18.178.203.193,AWS,ap-southeast-1,54.254.178.108,True,69.08,69.046,69.161
2025-09-10T06:19:06.417631,AWS,ap-northeast-1,18.178.203.193,AWS,ap-south-1,3.7.255.134,True,128.426,128.392,128.51
2025-09-10T06:19:16.334710,AWS,ap-northeast-1,18.178.203.193,GCP,asia-east2,35.220.211.82,True,50.361,50.217,50.719
2025-09-10T06:19:26.133284,AWS,ap-northeast-1,18.178.203.193,GCP,asia-northeast1,34.146.49.43,True,3.019,2.928,3.13
2025-09-10T06:19:35.904176,AWS,ap-northeast-1,18.178.203.193,GCP,asia-south1,34.14.206.223,True,131.508,131.417,131.845
2025-09-10T06:19:46.129953,AWS,ap-northeast-1,18.178.203.193,GCP,asia-southeast1,34.143.249.209,True,71.94,71.711,72.84
2025-09-10T06:19:55.976264,AWS,ap-northeast-1,18.178.203.193,GCP,australia-southeast1,35.189.28.92,True,134.315,134.246,134.431
2025-09-10T06:20:05.859031,AWS,ap-northeast-1,18.178.203.193,GCP,europe-central2,34.118.104.209,True,317.845,317.761,318.101
2025-09-10T06:20:15.939786,AWS,ap-northeast-1,18.178.203.193,GCP,europe-west12,34.17.98.142,True,236.937,236.829,237.268
2025-09-10T06:20:25.939559,AWS,ap-northeast-1,18.178.203.193,GCP,europe-west4,35.204.253.143,True,300.549,300.434,300.817
2025-09-10T06:20:35.986946,AWS,ap-northeast-1,18.178.203.193,GCP,northamerica-northeast1,34.118.178.175,True,151.305,151.214,151.713
2025-09-10T06:20:45.908725,AWS,ap-northeast-1,18.178.203.193,GCP,southamerica-east1,34.39.143.140,True,259.492,259.284,259.819
2025-09-10T06:20:56.286351,AWS,ap-northeast-1,18.178.203.193,GCP,us-east4,34.186.64.79,True,148.039,147.807,149.598
2025-09-10T06:21:06.203572,AWS,ap-northeast-1,18.178.203.193,GCP,us-west1,104.196.242.133,True,92.577,92.422,92.712
2025-09-10T06:21:16.062574,AWS,ap-northeast-2,43.201.82.223,AWS,us-east-1,44.197.193.191,True,180.989,180.931,181.156
2025-09-10T06:21:26.319422,AWS,ap-northeast-2,43.201.82.223,AWS,us-west-1,3.101.127.14,True,123.138,123.112,123.181
2025-09-10T06:21:35.826276,AWS,ap-northeast-2,43.201.82.223,AWS,ca-central-1,35.183.28.222,True,176.107,176.072,176.206
2025-09-10T06:21:45.390256,AWS,ap-northeast-2,43.201.82.223,AWS,sa-east-1,18.228.204.193,True,297.233,297.207,297.294
2025-09-10T06:21:55.073473,AWS,ap-northeast-2,43.201.82.223,AWS,eu-west-1,54.77.196.70,True,238.51,238.466,238.584
2025-09-10T06:22:04.726974,AWS,ap-northeast-2,43.201.82.223,AWS,eu-central-1,3.123.230.82,True,223.389,223.328,223.497
2025-09-10T06:22:14.363184,AWS,ap-northeast-2,43.201.82.223,AWS,eu-south-2,51.48.141.201,True,223.813,223.774,223.867
2025-09-10T06:22:24.008756,AWS,ap-northeast-2,43.201.82.223,AWS,me-south-1,157.175.43.197,True,270.149,270.117,270.252
2025-09-10T06:22:34.002435,AWS,ap-northeast-2,43.201.82.223,AWS,af-south-1,13.245.80.26,True,381.4,381.32,381.985
2025-09-10T06:22:43.780635,AWS,ap-northeast-2,43.201.82.223,AWS,ap-northeast-1,18.178.203.193,True,33.853,33.842,33.873
2025-09-10T06:22:53.230550,AWS,ap-northeast-2,43.201.82.223,AWS,ap-southeast-1,54.254.178.108,True,71.352,71.296,71.465
2025-09-10T06:23:02.698007,AWS,ap-northeast-2,43.201.82.223,AWS,ap-south-1,3.7.255.134,True,130.32,130.302,130.374
2025-09-10T06:23:12.223763,AWS,ap-northeast-2,43.201.82.223,GCP,asia-east2,35.220.211.82,True,72.798,72.623,73.369
2025-09-10T06:23:21.685064,AWS,ap-northeast-2,43.201.82.223,GCP,asia-northeast1,34.146.49.43,True,35.002,34.945,35.204
2025-09-10T06:23:31.115043,AWS,ap-northeast-2,43.201.82.223,GCP,asia-south1,34.14.206.223,True,129.851,129.681,130.246
2025-09-10T06:23:40.935623,AWS,ap-northeast-2,43.201.82.223,GCP,asia-southeast1,34.143.249.209,True,72.926,72.797,73.299
2025-09-10T06:23:50.423622,AWS,ap-northeast-2,43.201.82.223,GCP,australia-southeast1,35.189.28.92,True,146.474,146.388,146.688
2025-09-10T06:23:59.980852,AWS,ap-northeast-2,43.201.82.223,GCP,europe-central2,34.118.104.209,True,263.528,263.382,263.863
2025-09-10T06:24:09.641464,AWS,ap-northeast-2,43.201.82.223,GCP,europe-west12,34.17.98.142,True,260.845,260.696,261.242
2025-09-10T06:24:19.299247,AWS,ap-northeast-2,43.201.82.223,GCP,europe-west4,35.204.253.143,True,246.434,246.353,246.594
2025-09-10T06:24:28.943018,AWS,ap-northeast-2,43.201.82.223,GCP,northamerica-northeast1,34.118.178.175,True,183.838,183.726,184.026
2025-09-10T06:24:38.544675,AWS,ap-northeast-2,43.201.82.223,GCP,southamerica-east1,34.39.143.140,True,289.7,289.591,290.19
2025-09-10T06:24:48.557573,AWS,ap-northeast-2,43.201.82.223,GCP,us-east4,34.186.64.79,True,180.265,180.031,181.873
2025-09-10T06:24:58.137641,AWS,ap-northeast-2,43.201.82.223,GCP,us-west1,104.196.242.133,True,122.98,122.86,123.173
2025-09-10T06:25:07.653628,AWS,ap-southeast-1,54.254.178.108,AWS,us-east-1,44.197.193.191,True,217.878,217.838,218.024
2025-09-10T06:25:18.764599,AWS,ap-southeast-1,54.254.178.108,AWS,us-west-1,3.101.127.14,True,169.877,169.855,169.917
2025-09-10T06:25:29.560163,AWS,ap-southeast-1,54.254.178.108,AWS,ca-central-1,35.183.28.222,True,226.903,226.874,227.064
2025-09-10T06:25:40.034893,AWS,ap-southeast-1,54.254.178.108,AWS,sa-east-1,18.228.204.193,True,325.702,325.661,325.774
2025-09-10T06:25:50.535905,AWS,ap-southeast-1,54.254.178.108,AWS,eu-west-1,54.77.196.70,True,181.349,180.617,187.744
2025-09-10T06:26:00.892109,AWS,ap-southeast-1,54.254.178.108,AWS,eu-central-1,3.123.230.82,True,156.773,156.721,156.858
2025-09-10T06:26:11.376962,AWS,ap-southeast-1,54.254.178.108,AWS,eu-south-2,51.48.141.201,True,150.273,150.242,150.359
2025-09-10T06:26:22.121377,AWS,ap-southeast-1,54.254.178.108,AWS,me-south-1,157.175.43.197,True,237.036,237.02,237.055
2025-09-10T06:26:32.539675,AWS,ap-southeast-1,54.254.178.108,AWS,af-south-1,13.245.80.26,True,326.024,325.879,326.962
2025-09-10T06:26:43.049489,AWS,ap-southeast-1,54.254.178.108,AWS,ap-northeast-1,18.178.203.193,True,69.089,69.014,69.272
2025-09-10T06:26:53.272768,AWS,ap-southeast-1,54.254.178.108,AWS,ap-northeast-2,43.201.82.223,True,71.325,71.287,71.518
2025-09-10T06:27:03.504415,AWS,ap-southeast-1,54.254.178.108,AWS,ap-south-1,3.7.255.134,True,62.068,62.05,62.116
2025-09-10T06:27:13.720439,AWS,ap-southeast-1,54.254.178.108,GCP,asia-east2,35.220.211.82,True,37.398,37.134,39.137
2025-09-10T06:27:24.198794,AWS,ap-southeast-1,54.254.178.108,GCP,asia-northeast1,34.146.49.43,True,74.438,74.331,74.696
2025-09-10T06:27:34.484202,AWS,ap-southeast-1,54.254.178.108,GCP,asia-south1,34.14.206.223,True,61.09,61.035,61.346
2025-09-10T06:27:44.744885,AWS,ap-southeast-1,54.254.178.108,GCP,asia-southeast1,34.143.249.209,True,2.084,1.985,2.387
2025-09-10T06:27:54.931447,AWS,ap-southeast-1,54.254.178.108,GCP,australia-southeast1,35.189.28.92,True,95.083,94.986,95.234
2025-09-10T06:28:05.175977,AWS,ap-southeast-1,54.254.178.108,GCP,europe-central2,34.118.104.209,True,243.164,243.09,243.405
2025-09-10T06:28:15.556298,AWS,ap-southeast-1,54.254.178.108,GCP,europe-west12,34.17.98.142,True,238.241,238.131,238.508
2025-09-10T06:28:26.297495,AWS,ap-southeast-1,54.254.178.108,GCP,europe-west4,35.204.253.143,True,228.554,228.489,228.737
2025-09-10T06:28:36.711401,AWS,ap-southeast-1,54.254.178.108,GCP,northamerica-northeast1,34.118.178.175,True,224.627,224.535,224.944
2025-09-10T06:28:47.158989,AWS,ap-southeast-1,54.254.178.108,GCP,southamerica-east1,34.39.143.140,True,328.404,328.276,328.705
2025-09-10T06:28:57.641916,AWS,ap-southeast-1,54.254.178.108,GCP,us-east4,34.186.64.79,True,215.098,214.888,216.363
2025-09-10T06:29:08.041449,AWS,ap-southeast-1,54.254.178.108,GCP,us-west1,104.196.242.133,True,168.749,168.593,168.953
2025-09-10T06:29:18.423749,AWS,ap-south-1,3.7.255.134,AWS,us-east-1,44.197.193.191,True,289.434,289.404,289.445
2025-09-10T06:29:30.600631,AWS,ap-south-1,3.7.255.134,AWS,us-west-1,3.101.127.14,True,226.965,226.95,226.979
2025-09-10T06:29:41.728604,AWS,ap-south-1,3.7.255.134,AWS,ca-central-1,35.183.28.222,True,281.089,281.05,281.222
2025-09-10T06:29:52.978792,AWS,ap-south-1,3.7.255.134,AWS,sa-east-1,18.228.204.193,True,389.631,389.457,390.921
2025-09-10T06:30:04.270318,AWS,ap-south-1,3.7.255.134,AWS,eu-west-1,54.77.196.70,True,152.187,152.162,152.24
2025-09-10T06:30:15.342805,AWS,ap-south-1,3.7.255.134,AWS,eu-central-1,3.123.230.82,True,216.78,216.689,217.08
2025-09-10T06:30:26.522167,AWS,ap-south-1,3.7.255.134,AWS,eu-south-2,51.48.141.201,True,165.655,165.634,165.718
2025-09-10T06:30:37.838049,AWS,ap-south-1,3.7.255.134,AWS,me-south-1,157.175.43.197,True,35.421,35.378,35.513
2025-09-10T06:30:48.803868,AWS,ap-south-1,3.7.255.134,AWS,af-south-1,13.245.80.26,True,174.043,174.029,174.062
2025-09-10T06:30:59.950273,AWS,ap-south-1,3.7.255.134,AWS,ap-northeast-1,18.178.203.193,True,129.735,129.71,129.805
2025-09-10T06:31:11.000533,AWS,ap-south-1,3.7.255.134,AWS,ap-northeast-2,43.201.82.223,True,130.367,130.346,130.394
2025-09-10T06:31:22.062335,AWS,ap-south-1,3.7.255.134,AWS,ap-southeast-1,54.254.178.108,True,62.078,62.06,62.135
2025-09-10T06:31:33.054690,AWS,ap-south-1,3.7.255.134,GCP,asia-east2,35.220.211.82,True,93.801,92.502,103.73
2025-09-10T06:31:44.354111,AWS,ap-south-1,3.7.255.134,GCP,asia-northeast1,34.146.49.43,True,130.881,130.81,131.051
2025-09-10T06:31:55.412839,AWS,ap-south-1,3.7.255.134,GCP,asia-south1,34.14.206.223,True,2.116,1.999,2.308
2025-09-10T06:32:06.400602,AWS,ap-south-1,3.7.255.134,GCP,asia-southeast1,34.143.249.209,True,61.476,61.357,61.741
2025-09-10T06:32:17.365064,AWS,ap-south-1,3.7.255.134,GCP,australia-southeast1,35.189.28.92,True,155.245,155.165,155.671
2025-09-10T06:32:28.445521,AWS,ap-south-1,3.7.255.134,GCP,europe-central2,34.118.104.209,True,195.332,195.214,195.716
2025-09-10T06:32:39.620951,AWS,ap-south-1,3.7.255.134,GCP,europe-west12,34.17.98.142,True,174.008,173.854,174.296
2025-09-10T06:32:50.947014,AWS,ap-south-1,3.7.255.134,GCP,europe-west4,35.204.253.143,True,190.202,190.072,190.463
2025-09-10T06:33:02.076989,AWS,ap-south-1,3.7.255.134,GCP,northamerica-northeast1,34.118.178.175,True,261.869,261.751,262.165
2025-09-10T06:33:13.298775,AWS,ap-south-1,3.7.255.134,GCP,southamerica-east1,34.39.143.140,True,368.09,367.964,368.328
2025-09-10T06:33:24.556664,AWS,ap-south-1,3.7.255.134,GCP,us-east4,34.186.64.79,True,260.034,259.789,261.685
2025-09-10T06:33:35.735363,AWS,ap-south-1,3.7.255.134,GCP,us-west1,104.196.242.133,True,230.807,230.671,231.171
2025-09-10T06:33:46.927560,GCP,asia-east2,35.220.211.82,AWS,us-east-1,44.197.193.191,True,200.25,200.141,200.545
2025-09-10T06:33:58.307330,GCP,asia-east2,35.220.211.82,AWS,us-west-1,3.101.127.14,True,159.319,159.143,159.537
2025-09-10T06:34:08.246183,GCP,asia-east2,35.220.211.82,AWS,ca-central-1,35.183.28.222,True,213.826,213.682,214.232
2025-09-10T06:34:18.237506,GCP,asia-east2,35.220.211.82,AWS,sa-east-1,18.228.204.193,True,313.494,313.281,313.712
2025-09-10T06:34:28.339768,GCP,asia-east2,35.220.211.82,AWS,eu-west-1,54.77.196.70,True,243.184,243.035,243.563
2025-09-10T06:34:38.376239,GCP,asia-east2,35.220.211.82,AWS,eu-central-1,3.123.230.82,True,237.193,237.094,237.593
2025-09-10T06:34:48.408631,GCP,asia-east2,35.220.211.82,AWS,eu-south-2,51.48.141.201,True,269.337,269.161,269.841
2025-09-10T06:34:58.921123,GCP,asia-east2,35.220.211.82,AWS,me-south-1,157.175.43.197,True,282.833,282.724,283.085
2025-09-10T06:35:08.978491,GCP,asia-east2,35.220.211.82,AWS,af-south-1,13.245.80.26,True,388.76,388.584,389.635
2025-09-10T06:35:19.152665,GCP,asia-east2,35.220.211.82,AWS,ap-northeast-1,18.178.203.193,True,51.012,50.806,51.297
2025-09-10T06:35:29.032519,GCP,asia-east2,35.220.211.82,AWS,ap-northeast-2,43.201.82.223,True,75.864,75.697,76.333
2025-09-10T06:35:38.934657,GCP,asia-east2,35.220.211.82,AWS,ap-southeast-1,54.254.178.108,True,37.157,37.047,37.377
2025-09-10T06:35:48.744526,GCP,asia-east2,35.220.211.82,AWS,ap-south-1,3.7.255.134,True,92.817,92.669,93.068
2025-09-10T06:35:58.626643,GCP,asia-east2,35.220.211.82,GCP,asia-northeast1,34.146.49.43,True,49.245,49.079,49.724
2025-09-10T06:36:09.920045,GCP,asia-east2,35.220.211.82,GCP,asia-south1,34.14.206.223,True,85.964,85.8,86.558
2025-09-10T06:36:19.863861,GCP,asia-east2,35.220.211.82,GCP,asia-southeast1,34.143.249.209,True,37.448,37.265,37.983
2025-09-10T06:36:29.721849,GCP,asia-east2,35.220.211.82,GCP,australia-southeast1,35.189.28.92,True,129.161,129.003,129.656
2025-09-10T06:36:39.691360,GCP,asia-east2,35.220.211.82,GCP,europe-central2,34.118.104.209,True,289.188,289.001,289.736
2025-09-10T06:36:49.801210,GCP,asia-east2,35.220.211.82,GCP,europe-west12,34.17.98.142,True,284.651,284.511,285.196
2025-09-10T06:36:59.941155,GCP,asia-east2,35.220.211.82,GCP,europe-west4,35.204.253.143,True,275.411,275.262,276.111
2025-09-10T06:37:10.500570,GCP,asia-east2,35.220.211.82,GCP,northamerica-northeast1,34.118.178.175,True,202.162,201.99,202.802
2025-09-10T06:37:20.528798,GCP,asia-east2,35.220.211.82,GCP,southamerica-east1,34.39.143.140,True,299.553,299.322,300.121
2025-09-10T06:37:30.657664,GCP,asia-east2,35.220.211.82,GCP,us-east4,34.186.64.79,True,195.468,195.184,197.159
2025-09-10T06:37:40.712434,GCP,asia-east2,35.220.211.82,GCP,us-west1,104.196.242.133,True,139.355,139.132,139.928
2025-09-10T06:37:50.657705,GCP,asia-northeast1,34.146.49.43,AWS,us-east-1,44.197.193.191,True,154.896,154.798,155.139
2025-09-10T06:38:02.050128,GCP,asia-northeast1,34.146.49.43,AWS,us-west-1,3.101.127.14,True,112.111,112.01,112.341
2025-09-10T06:38:11.840592,GCP,asia-northeast1,34.146.49.43,AWS,ca-central-1,35.183.28.222,True,167.702,167.611,168.08
2025-09-10T06:38:21.701347,GCP,asia-northeast1,34.146.49.43,AWS,sa-east-1,18.228.204.193,True,268.574,268.531,268.755
2025-09-10T06:38:31.678994,GCP,asia-northeast1,34.146.49.43,AWS,eu-west-1,54.77.196.70,True,223.39,223.293,223.693
2025-09-10T06:38:41.623522,GCP,asia-northeast1,34.146.49.43,AWS,eu-central-1,3.123.230.82,True,272.013,271.957,272.221
2025-09-10T06:38:51.566431,GCP,asia-northeast1,34.146.49.43,AWS,eu-south-2,51.48.141.201,True,237.28,237.21,237.498
2025-09-10T06:39:01.481372,GCP,asia-northeast1,34.146.49.43,AWS,me-south-1,157.175.43.197,True,277.958,277.773,278.078
2025-09-10T06:39:11.850461,GCP,asia-northeast1,34.146.49.43,AWS,af-south-1,13.245.80.26,True,393.92,393.841,394.165
2025-09-10T06:39:21.933306,GCP,asia-northeast1,34.146.49.43,AWS,ap-northeast-1,18.178.203.193,True,3.54,3.446,3.753
2025-09-10T06:39:31.644637,GCP,asia-northeast1,34.146.49.43,AWS,ap-northeast-2,43.201.82.223,True,35.048,34.959,35.428
2025-09-10T06:39:41.373237,GCP,asia-northeast1,34.146.49.43,AWS,ap-southeast-1,54.254.178.108,True,74.407,74.326,74.756
2025-09-10T06:39:51.151566,GCP,asia-northeast1,34.146.49.43,AWS,ap-south-1,3.7.255.134,True,130.849,130.759,131.04
2025-09-10T06:40:00.977378,GCP,asia-northeast1,34.146.49.43,GCP,asia-east2,35.220.211.82,True,49.406,49.245,49.871
2025-09-10T06:40:10.735274,GCP,asia-northeast1,34.146.49.43,GCP,asia-south1,34.14.206.223,True,132.703,132.498,133.079
2025-09-10T06:40:20.965900,GCP,asia-northeast1,34.146.49.43,GCP,asia-southeast1,34.143.249.209,True,73.8,73.645,74.345
2025-09-10T06:40:30.756858,GCP,asia-northeast1,34.146.49.43,GCP,australia-southeast1,35.189.28.92,True,109.595,109.459,110.114
2025-09-10T06:40:40.537142,GCP,asia-northeast1,34.146.49.43,GCP,europe-central2,34.118.104.209,True,242.169,241.989,242.662
2025-09-10T06:40:50.476530,GCP,asia-northeast1,34.146.49.43,GCP,europe-west12,34.17.98.142,True,235.414,235.293,235.896
2025-09-10T06:41:00.418585,GCP,asia-northeast1,34.146.49.43,GCP,europe-west4,35.204.253.143,True,223.113,222.962,223.696
2025-09-10T06:41:10.355811,GCP,asia-northeast1,34.146.49.43,GCP,northamerica-northeast1,34.118.178.175,True,151.037,150.937,151.439
2025-09-10T06:41:20.202361,GCP,asia-northeast1,34.146.49.43,GCP,southamerica-east1,34.39.143.140,True,259.891,259.741,260.29
2025-09-10T06:41:30.589035,GCP,asia-northeast1,34.146.49.43,GCP,us-east4,34.186.64.79,True,146.525,146.187,148.554
2025-09-10T06:41:40.431253,GCP,asia-northeast1,34.146.49.43,GCP,us-west1,104.196.242.133,True,93.334,90.796,115.001
2025-09-10T06:41:50.190509,GCP,asia-south1,34.14.206.223,AWS,us-east-1,44.197.193.191,True,253.94,253.814,254.323
2025-09-10T06:42:02.795412,GCP,asia-south1,34.14.206.223,AWS,us-west-1,3.101.127.14,True,237.414,237.314,237.74
2025-09-10T06:42:13.812464,GCP,asia-south1,34.14.206.223,AWS,ca-central-1,35.183.28.222,True,256.979,256.88,257.165
2025-09-10T06:42:24.811207,GCP,asia-south1,34.14.206.223,AWS,sa-east-1,18.228.204.193,True,364.376,364.287,364.643
2025-09-10T06:42:35.927491,GCP,asia-south1,34.14.206.223,AWS,eu-west-1,54.77.196.70,True,374.252,374.202,374.401
2025-09-10T06:42:47.108174,GCP,asia-south1,34.14.206.223,AWS,eu-central-1,3.123.230.82,True,300.141,300.001,300.556
2025-09-10T06:42:58.243558,GCP,asia-south1,34.14.206.223,AWS,eu-south-2,51.48.141.201,True,375.347,375.257,375.63
2025-09-10T06:43:09.835172,GCP,asia-south1,34.14.206.223,AWS,me-south-1,157.175.43.197,True,280.809,280.666,281.035
2025-09-10T06:43:20.936161,GCP,asia-south1,34.14.206.223,AWS,af-south-1,13.245.80.26,True,381.749,381.608,381.979
2025-09-10T06:43:32.069376,GCP,asia-south1,34.14.206.223,AWS,ap-northeast-1,18.178.203.193,True,134.784,134.675,135.13
2025-09-10T06:43:42.964084,GCP,asia-south1,34.14.206.223,AWS,ap-northeast-2,43.201.82.223,True,125.295,125.195,125.59
2025-09-10T06:43:53.858893,GCP,asia-south1,34.14.206.223,AWS,ap-southeast-1,54.254.178.108,True,61.544,61.416,61.873
2025-09-10T06:44:04.674080,GCP,asia-south1,34.14.206.223,AWS,ap-south-1,3.7.255.134,True,2.113,2.009,2.294
2025-09-10T06:44:15.830934,GCP,asia-south1,34.14.206.223,GCP,asia-east2,35.220.211.82,True,86.121,85.88,87.045
2025-09-10T06:44:26.719895,GCP,asia-south1,34.14.206.223,GCP,asia-northeast1,34.146.49.43,True,132.756,132.596,133.217
2025-09-10T06:44:37.666134,GCP,asia-south1,34.14.206.223,GCP,asia-southeast1,34.143.249.209,True,58.59,58.448,59.037
2025-09-10T06:44:48.482419,GCP,asia-south1,34.14.206.223,GCP,australia-southeast1,35.189.28.92,True,149.963,149.823,150.292
2025-09-10T06:44:59.449568,GCP,asia-south1,34.14.206.223,GCP,europe-central2,34.118.104.209,True,376.46,376.266,376.978
2025-09-10T06:45:10.589616,GCP,asia-south1,34.14.206.223,GCP,europe-west12,34.17.98.142,True,371.434,371.313,371.87
2025-09-10T06:45:22.072738,GCP,asia-south1,34.14.206.223,GCP,europe-west4,35.204.253.143,True,357.993,357.801,358.507
2025-09-10T06:45:33.207007,GCP,asia-south1,34.14.206.223,GCP,northamerica-northeast1,34.118.178.175,True,286.517,286.35,287.017
2025-09-10T06:45:44.235125,GCP,asia-south1,34.14.206.223,GCP,southamerica-east1,34.39.143.140,True,377.183,376.941,377.641
2025-09-10T06:45:55.354932,GCP,asia-south1,34.14.206.223,GCP,us-east4,34.186.64.79,True,278.574,278.325,280.155
2025-09-10T06:46:06.453665,GCP,asia-south1,34.14.206.223,GCP,us-west1,104.196.242.133,True,222.649,222.474,223.082
2025-09-10T06:46:17.433819,GCP,asia-southeast1,34.143.249.209,AWS,us-east-1,44.197.193.191,True,218.887,218.797,219.284
2025-09-10T06:46:29.150176,GCP,asia-southeast1,34.143.249.209,AWS,us-west-1,3.101.127.14,True,176.286,176.107,176.61
2025-09-10T06:46:39.547045,GCP,asia-southeast1,34.143.249.209,AWS,ca-central-1,35.183.28.222,True,231.215,231.105,231.588
2025-09-10T06:46:50.124069,GCP,asia-southeast1,34.143.249.209,AWS,sa-east-1,18.228.204.193,True,327.29,327.141,327.725
2025-09-10T06:47:00.600167,GCP,asia-southeast1,34.143.249.209,AWS,eu-west-1,54.77.196.70,True,293.095,292.9,293.792
2025-09-10T06:47:11.060519,GCP,asia-southeast1,34.143.249.209,AWS,eu-central-1,3.123.230.82,True,270.121,269.991,270.387
2025-09-10T06:47:21.536038,GCP,asia-southeast1,34.143.249.209,AWS,eu-south-2,51.48.141.201,True,252.498,252.352,252.865
2025-09-10T06:47:32.979004,GCP,asia-southeast1,34.143.249.209,AWS,me-south-1,157.175.43.197,True,274.585,274.377,275.181
2025-09-10T06:47:43.406974,GCP,asia-southeast1,34.143.249.209,AWS,af-south-1,13.245.80.26,True,438.625,438.486,438.883
2025-09-10T06:47:54.024864,GCP,asia-southeast1,34.143.249.209,AWS,ap-northeast-1,18.178.203.193,True,73.234,73.05,73.593
2025-09-10T06:48:04.255167,GCP,asia-southeast1,34.143.249.209,AWS,ap-northeast-2,43.201.82.223,True,70.077,69.909,70.412
2025-09-10T06:48:14.507596,GCP,asia-southeast1,34.143.249.209,AWS,ap-southeast-1,54.254.178.108,True,2.268,2.183,2.521
2025-09-10T06:48:24.722853,GCP,asia-southeast1,34.143.249.209,AWS,ap-south-1,3.7.255.134,True,64.768,64.7,64.993
2025-09-10T06:48:35.383428,GCP,asia-southeast1,34.143.249.209,GCP,asia-east2,35.220.211.82,True,37.828,37.564,38.58
2025-09-10T06:48:45.578089,GCP,asia-southeast1,34.143.249.209,GCP,asia-northeast1,34.146.49.43,True,73.909,73.477,75.499
2025-09-10T06:48:55.880576,GCP,asia-southeast1,34.143.249.209,GCP,asia-south1,34.14.206.223,True,58.589,58.393,59.191
2025-09-10T06:49:06.139392,GCP,asia-southeast1,34.143.249.209,GCP,australia-southeast1,35.189.28.92,True,94.123,93.947,94.64
2025-09-10T06:49:16.443084,GCP,asia-southeast1,34.143.249.209,GCP,europe-central2,34.118.104.209,True,307.356,307.126,308.017
2025-09-10T06:49:26.923455,GCP,asia-southeast1,34.143.249.209,GCP,europe-west12,34.17.98.142,True,302.547,302.427,303.092
2025-09-10T06:49:37.811043,GCP,asia-southeast1,34.143.249.209,GCP,europe-west4,35.204.253.143,True,292.556,292.286,293.246
2025-09-10T06:49:48.235376,GCP,asia-southeast1,34.143.249.209,GCP,northamerica-northeast1,34.118.178.175,True,218.655,218.491,219.521
2025-09-10T06:49:58.618541,GCP,asia-southeast1,34.143.249.209,GCP,southamerica-east1,34.39.143.140,True,316.624,316.386,317.213
2025-09-10T06:50:09.108399,GCP,asia-southeast1,34.143.249.209,GCP,us-east4,34.186.64.79,True,214.682,214.367,216.671
2025-09-10T06:50:19.479994,GCP,asia-southeast1,34.143.249.209,GCP,us-west1,104.196.242.133,True,161.594,161.385,162.131
2025-09-10T06:50:29.847393,GCP,australia-southeast1,35.189.28.92,AWS,us-east-1,44.197.193.191,True,195.54,195.481,195.804
2025-09-10T06:50:42.066574,GCP,australia-southeast1,35.189.28.92,AWS,us-west-1,3.101.127.14,True,146.089,146.052,146.217
2025-09-10T06:50:53.006958,GCP,australia-southeast1,35.189.28.92,AWS,ca-central-1,35.183.28.222,True,210.217,210.161,210.336
2025-09-10T06:51:04.085265,GCP,australia-southeast1,35.189.28.92,AWS,sa-east-1,18.228.204.193,True,306.293,306.218,306.487
2025-09-10T06:51:15.224026,GCP,australia-southeast1,35.189.28.92,AWS,eu-west-1,54.77.196.70,True,327.611,327.556,327.813
2025-09-10T06:51:26.405057,GCP,australia-southeast1,35.189.28.92,AWS,eu-central-1,3.123.230.82,True,260.767,260.67,261.008
2025-09-10T06:51:37.486051,GCP,australia-southeast1,35.189.28.92,AWS,eu-south-2,51.48.141.201,True,286.377,286.312,286.51
2025-09-10T06:51:48.905692,GCP,australia-southeast1,35.189.28.92,AWS,me-south-1,157.175.43.197,True,314.294,314.221,314.437
2025-09-10T06:52:00.061957,GCP,australia-southeast1,35.189.28.92,AWS,af-south-1,13.245.80.26,True,461.051,460.965,461.301
2025-09-10T06:52:11.473723,GCP,australia-southeast1,35.189.28.92,AWS,ap-northeast-1,18.178.203.193,True,137.69,137.637,137.907
2025-09-10T06:52:22.462166,GCP,australia-southeast1,35.189.28.92,AWS,ap-northeast-2,43.201.82.223,True,148.638,148.576,148.864
2025-09-10T06:52:33.443776,GCP,australia-southeast1,35.189.28.92,AWS,ap-southeast-1,54.254.178.108,True,95.449,95.408,95.639
2025-09-10T06:52:44.377968,GCP,australia-southeast1,35.189.28.92,AWS,ap-south-1,3.7.255.134,True,154.966,154.88,155.251
2025-09-10T06:52:55.688245,GCP,australia-southeast1,35.189.28.92,GCP,asia-east2,35.220.211.82,True,129.357,129.188,129.912
2025-09-10T06:53:06.664827,GCP,australia-southeast1,35.189.28.92,GCP,asia-northeast1,34.146.49.43,True,109.744,109.647,110.292
2025-09-10T06:53:17.683562,GCP,australia-southeast1,35.189.28.92,GCP,asia-south1,34.14.206.223,True,150.64,150.522,151.125
2025-09-10T06:53:28.675901,GCP,australia-southeast1,35.189.28.92,GCP,asia-southeast1,34.143.249.209,True,94.118,93.954,94.752
2025-09-10T06:53:39.619370,GCP,australia-southeast1,35.189.28.92,GCP,europe-central2,34.118.104.209,True,288.277,288.163,288.671
2025-09-10T06:53:50.739818,GCP,australia-southeast1,35.189.28.92,GCP,europe-west12,34.17.98.142,True,284.727,284.533,285.126
2025-09-10T06:54:02.186503,GCP,australia-southeast1,35.189.28.92,GCP,europe-west4,35.204.253.143,True,270.893,270.779,271.429
2025-09-10T06:54:13.316846,GCP,australia-southeast1,35.189.28.92,GCP,northamerica-northeast1,34.118.178.175,True,197.506,197.387,198.007
2025-09-10T06:54:24.367671,GCP,australia-southeast1,35.189.28.92,GCP,southamerica-east1,34.39.143.140,True,292.426,292.257,292.849
2025-09-10T06:54:35.535006,GCP,australia-southeast1,35.189.28.92,GCP,us-east4,34.186.64.79,True,192.797,192.557,194.526
2025-09-10T06:54:46.578547,GCP,australia-southeast1,35.189.28.92,GCP,us-west1,104.196.242.133,True,166.94,166.774,167.48
2025-09-10T06:54:57.593143,GCP,europe-central2,34.118.104.209,AWS,us-east-1,44.197.193.191,True,99.818,99.677,100.288
2025-09-10T06:55:11.389611,GCP,europe-central2,34.118.104.209,AWS,us-west-1,3.101.127.14,True,157.434,157.377,157.732
2025-09-10T06:55:23.904003,GCP,europe-central2,34.118.104.209,AWS,ca-central-1,35.183.28.222,True,101.79,101.658,102.174
2025-09-10T06:55:36.374164,GCP,europe-central2,34.118.104.209,AWS,sa-east-1,18.228.204.193,True,209.826,209.689,210.352
2025-09-10T06:55:48.990726,GCP,europe-central2,34.118.104.209,AWS,eu-west-1,54.77.196.70,True,39.043,38.883,39.677
2025-09-10T06:56:01.435620,GCP,europe-central2,34.118.104.209,AWS,eu-central-1,3.123.230.82,True,20.219,20.1,20.596
2025-09-10T06:56:14.157246,GCP,europe-central2,34.118.104.209,AWS,eu-south-2,51.48.141.201,True,53.157,53.026,53.402
2025-09-10T06:56:26.607892,GCP,europe-central2,34.118.104.209,AWS,me-south-1,157.175.43.197,True,120.201,120.117,120.447
2025-09-10T06:56:39.105715,GCP,europe-central2,34.118.104.209,AWS,af-south-1,13.245.80.26,True,166.808,166.675,167.225
2025-09-10T06:56:51.698560,GCP,europe-central2,34.118.104.209,AWS,ap-northeast-1,18.178.203.193,True,318.428,318.321,318.654
2025-09-10T06:57:04.431646,GCP,europe-central2,34.118.104.209,AWS,ap-northeast-2,43.201.82.223,True,261.305,261.214,261.597
2025-09-10T06:57:17.317548,GCP,europe-central2,34.118.104.209,AWS,ap-southeast-1,54.254.178.108,True,243.228,243.079,243.953
2025-09-10T06:57:29.942392,GCP,europe-central2,34.118.104.209,AWS,ap-south-1,3.7.255.134,True,202.098,201.967,202.414
2025-09-10T06:57:42.554456,GCP,europe-central2,34.118.104.209,GCP,asia-east2,35.220.211.82,True,290.865,290.731,291.376
2025-09-10T06:57:55.236281,GCP,europe-central2,34.118.104.209,GCP,asia-northeast1,34.146.49.43,True,241.724,241.544,242.278
2025-09-10T06:58:07.851574,GCP,europe-central2,34.118.104.209,GCP,asia-south1,34.14.206.223,True,375.957,375.807,376.479
2025-09-10T06:58:20.936690,GCP,europe-central2,34.118.104.209,GCP,asia-southeast1,34.143.249.209,True,307.317,307.201,307.673
2025-09-10T06:58:33.597348,GCP,europe-central2,34.118.104.209,GCP,australia-southeast1,35.189.28.92,True,287.957,287.807,288.272
2025-09-10T06:58:46.239924,GCP,europe-central2,34.118.104.209,GCP,europe-west12,34.17.98.142,True,33.986,33.777,34.549
2025-09-10T06:58:58.641042,GCP,europe-central2,34.118.104.209,GCP,europe-west4,35.204.253.143,True,18.256,18.053,19.168
2025-09-10T06:59:11.082581,GCP,europe-central2,34.118.104.209,GCP,northamerica-northeast1,34.118.178.175,True,101.538,101.367,101.989
2025-09-10T06:59:23.870812,GCP,europe-central2,34.118.104.209,GCP,southamerica-east1,34.39.143.140,True,210.126,209.915,210.666
2025-09-10T06:59:36.452043,GCP,europe-central2,34.118.104.209,GCP,us-east4,34.186.64.79,True,98.245,97.963,100.011
2025-09-10T06:59:48.916018,GCP,europe-central2,34.118.104.209,GCP,us-west1,104.196.242.133,True,152.066,151.876,152.696
2025-09-10T07:00:01.460560,GCP,europe-west12,34.17.98.142,AWS,us-east-1,44.197.193.191,True,96.461,96.311,96.859
2025-09-10T07:00:15.427912,GCP,europe-west12,34.17.98.142,AWS,us-west-1,3.101.127.14,True,151.61,151.507,151.834
2025-09-10T07:00:27.857216,GCP,europe-west12,34.17.98.142,AWS,ca-central-1,35.183.28.222,True,99.507,99.391,99.835
2025-09-10T07:00:40.302402,GCP,europe-west12,34.17.98.142,AWS,sa-east-1,18.228.204.193,True,206.057,205.939,206.241
2025-09-10T07:00:52.847269,GCP,europe-west12,34.17.98.142,AWS,eu-west-1,54.77.196.70,True,36.044,35.961,36.251
2025-09-10T07:01:05.262271,GCP,europe-west12,34.17.98.142,AWS,eu-central-1,3.123.230.82,True,13.961,13.824,14.143
2025-09-10T07:01:17.867481,GCP,europe-west12,34.17.98.142,AWS,eu-south-2,51.48.141.201,True,30.217,30.111,30.483
2025-09-10T07:01:30.191879,GCP,europe-west12,34.17.98.142,AWS,me-south-1,157.175.43.197,True,105.572,105.492,105.802
2025-09-10T07:01:42.611454,GCP,europe-west12,34.17.98.142,AWS,af-south-1,13.245.80.26,True,163.319,163.191,163.606
2025-09-10T07:01:55.085707,GCP,europe-west12,34.17.98.142,AWS,ap-northeast-1,18.178.203.193,True,238.535,238.43,238.908
2025-09-10T07:02:07.650500,GCP,europe-west12,34.17.98.142,AWS,ap-northeast-2,43.201.82.223,True,255.446,255.329,255.77
2025-09-10T07:02:20.489761,GCP,europe-west12,34.17.98.142,AWS,ap-southeast-1,54.254.178.108,True,235.241,235.151,235.478
2025-09-10T07:02:33.026852,GCP,europe-west12,34.17.98.142,AWS,ap-south-1,3.7.255.134,True,175.408,175.262,175.883
2025-09-10T07:02:45.536978,GCP,europe-west12,34.17.98.142,GCP,asia-east2,35.220.211.82,True,286.444,286.232,287.087
2025-09-10T07:02:58.121929,GCP,europe-west12,34.17.98.142,GCP,asia-northeast1,34.146.49.43,True,239.001,238.833,239.551
2025-09-10T07:03:10.708988,GCP,europe-west12,34.17.98.142,GCP,asia-south1,34.14.206.223,True,369.937,369.762,370.463
2025-09-10T07:03:23.688886,GCP,europe-west12,34.17.98.142,GCP,asia-southeast1,34.143.249.209,True,305.577,305.354,306.459
2025-09-10T07:03:36.327460,GCP,europe-west12,34.17.98.142,GCP,australia-southeast1,35.189.28.92,True,284.311,284.153,284.866
2025-09-10T07:03:48.897291,GCP,europe-west12,34.17.98.142,GCP,europe-central2,34.118.104.209,True,33.872,33.649,34.448
2025-09-10T07:04:01.194595,GCP,europe-west12,34.17.98.142,GCP,europe-west4,35.204.253.143,True,20.308,20.131,20.749
2025-09-10T07:04:13.536642,GCP,europe-west12,34.17.98.142,GCP,northamerica-northeast1,34.118.178.175,True,99.806,99.639,100.599
2025-09-10T07:04:26.192751,GCP,europe-west12,34.17.98.142,GCP,southamerica-east1,34.39.143.140,True,204.728,204.547,205.662
2025-09-10T07:04:38.802224,GCP,europe-west12,34.17.98.142,GCP,us-east4,34.186.64.79,True,91.74,91.463,93.544
2025-09-10T07:04:51.207792,GCP,europe-west12,34.17.98.142,GCP,us-west1,104.196.242.133,True,147.054,146.749,147.97
2025-09-10T07:05:03.646491,GCP,europe-west4,35.204.253.143,AWS,us-east-1,44.197.193.191,True,87.859,87.74,88.39
2025-09-10T07:05:17.643661,GCP,europe-west4,35.204.253.143,AWS,us-west-1,3.101.127.14,True,140.498,140.118,140.789
2025-09-10T07:05:30.002253,GCP,europe-west4,35.204.253.143,AWS,ca-central-1,35.183.28.222,True,87.783,87.648,88.004
2025-09-10T07:05:42.390979,GCP,europe-west4,35.204.253.143,AWS,sa-east-1,18.228.204.193,True,197.242,197.093,197.622
2025-09-10T07:05:54.828273,GCP,europe-west4,35.204.253.143,AWS,eu-west-1,54.77.196.70,True,20.536,20.409,20.903
2025-09-10T07:06:07.072624,GCP,europe-west4,35.204.253.143,AWS,eu-central-1,3.123.230.82,True,9.158,9.056,9.502
2025-09-10T07:06:20.103209,GCP,europe-west4,35.204.253.143,AWS,eu-south-2,51.48.141.201,True,39.496,39.343,39.89
2025-09-10T07:06:32.403865,GCP,europe-west4,35.204.253.143,AWS,me-south-1,157.175.43.197,True,110.732,110.62,111.217
2025-09-10T07:06:44.754150,GCP,europe-west4,35.204.253.143,AWS,af-south-1,13.245.80.26,True,150.736,150.6,151.084
2025-09-10T07:06:57.084603,GCP,europe-west4,35.204.253.143,AWS,ap-northeast-1,18.178.203.193,True,299.72,299.639,300.024
2025-09-10T07:07:09.587083,GCP,europe-west4,35.204.253.143,AWS,ap-northeast-2,43.201.82.223,True,245.806,245.69,246.024
2025-09-10T07:07:22.343455,GCP,europe-west4,35.204.253.143,AWS,ap-southeast-1,54.254.178.108,True,229.537,229.477,229.805
2025-09-10T07:07:34.800460,GCP,europe-west4,35.204.253.143,AWS,ap-south-1,3.7.255.134,True,184.178,184.097,184.384
2025-09-10T07:07:47.164645,GCP,europe-west4,35.204.253.143,GCP,asia-east2,35.220.211.82,True,273.171,273.029,273.587
2025-09-10T07:07:59.631680,GCP,europe-west4,35.204.253.143,GCP,asia-northeast1,34.146.49.43,True,223.227,223.009,223.881
2025-09-10T07:08:12.099261,GCP,europe-west4,35.204.253.143,GCP,asia-south1,34.14.206.223,True,358.282,358.114,358.747
2025-09-10T07:08:24.958689,GCP,europe-west4,35.204.253.143,GCP,asia-southeast1,34.143.249.209,True,292.502,292.317,292.968
2025-09-10T07:08:37.449196,GCP,europe-west4,35.204.253.143,GCP,australia-southeast1,35.189.28.92,True,271.339,271.07,272.294
2025-09-10T07:08:49.949217,GCP,europe-west4,35.204.253.143,GCP,europe-central2,34.118.104.209,True,18.512,18.307,19.506
2025-09-10T07:09:02.235271,GCP,europe-west4,35.204.253.143,GCP,europe-west12,34.17.98.142,True,20.329,20.128,20.886
2025-09-10T07:09:14.470735,GCP,europe-west4,35.204.253.143,GCP,northamerica-northeast1,34.118.178.175,True,87.246,86.993,88.177
2025-09-10T07:09:27.054947,GCP,europe-west4,35.204.253.143,GCP,southamerica-east1,34.39.143.140,True,201.408,201.142,201.886
2025-09-10T07:09:39.474949,GCP,europe-west4,35.204.253.143,GCP,us-east4,34.186.64.79,True,87.182,86.925,89.051
2025-09-10T07:09:51.756316,GCP,europe-west4,35.204.253.143,GCP,us-west1,104.196.242.133,True,135.993,135.766,136.872
2025-09-10T07:10:04.144814,GCP,northamerica-northeast1,34.118.178.175,AWS,us-east-1,44.197.193.191,True,15.354,15.271,15.546
2025-09-10T07:10:16.888863,GCP,northamerica-northeast1,34.118.178.175,AWS,us-west-1,3.101.127.14,True,67.792,67.722,68.054
2025-09-10T07:10:28.384667,GCP,northamerica-northeast1,34.118.178.175,AWS,ca-central-1,35.183.28.222,True,2.125,1.969,2.505
2025-09-10T07:10:39.839150,GCP,northamerica-northeast1,34.118.178.175,AWS,sa-east-1,18.228.204.193,True,126.123,126.017,126.419
2025-09-10T07:10:51.385432,GCP,northamerica-northeast1,34.118.178.175,AWS,eu-west-1,54.77.196.70,True,87.234,87.1,87.433
2025-09-10T07:11:02.896503,GCP,northamerica-northeast1,34.118.178.175,AWS,eu-central-1,3.123.230.82,True,89.841,89.712,90.103
2025-09-10T07:11:14.421160,GCP,northamerica-northeast1,34.118.178.175,AWS,eu-south-2,51.48.141.201,True,103.723,103.639,103.854
2025-09-10T07:11:26.258641,GCP,northamerica-northeast1,34.118.178.175,AWS,me-south-1,157.175.43.197,True,182.843,182.726,183.231
2025-09-10T07:11:37.872410,GCP,northamerica-northeast1,34.118.178.175,AWS,af-south-1,13.245.80.26,True,215.036,214.926,215.435
2025-09-10T07:11:49.521091,GCP,northamerica-northeast1,34.118.178.175,AWS,ap-northeast-1,18.178.203.193,True,151.376,151.212,152.055
2025-09-10T07:12:01.113980,GCP,northamerica-northeast1,34.118.178.175,AWS,ap-northeast-2,43.201.82.223,True,181.591,181.495,181.943
2025-09-10T07:12:12.731129,GCP,northamerica-northeast1,34.118.178.175,AWS,ap-southeast-1,54.254.178.108,True,220.328,220.208,220.754
2025-09-10T07:12:24.425535,GCP,northamerica-northeast1,34.118.178.175,AWS,ap-south-1,3.7.255.134,True,261.312,261.217,261.641
2025-09-10T07:12:36.497591,GCP,northamerica-northeast1,34.118.178.175,GCP,asia-east2,35.220.211.82,True,202.119,201.951,202.803
2025-09-10T07:12:48.115582,GCP,northamerica-northeast1,34.118.178.175,GCP,asia-northeast1,34.146.49.43,True,152.829,152.703,153.323
2025-09-10T07:12:59.731628,GCP,northamerica-northeast1,34.118.178.175,GCP,asia-south1,34.14.206.223,True,286.348,286.152,287.166
2025-09-10T07:13:11.438780,GCP,northamerica-northeast1,34.118.178.175,GCP,asia-southeast1,34.143.249.209,True,219.941,219.789,220.477
2025-09-10T07:13:23.122184,GCP,northamerica-northeast1,34.118.178.175,GCP,australia-southeast1,35.189.28.92,True,198.687,198.587,199.135
2025-09-10T07:13:34.784712,GCP,northamerica-northeast1,34.118.178.175,GCP,europe-central2,34.118.104.209,True,101.549,101.401,102.212
2025-09-10T07:13:46.714879,GCP,northamerica-northeast1,34.118.178.175,GCP,europe-west12,34.17.98.142,True,99.773,99.62,100.427
2025-09-10T07:13:58.258441,GCP,northamerica-northeast1,34.118.178.175,GCP,europe-west4,35.204.253.143,True,87.12,86.955,87.553
2025-09-10T07:14:09.828024,GCP,northamerica-northeast1,34.118.178.175,GCP,southamerica-east1,34.39.143.140,True,128.319,128.143,128.819
2025-09-10T07:14:21.376079,GCP,northamerica-northeast1,34.118.178.175,GCP,us-east4,34.186.64.79,True,15.388,15.113,17.08
2025-09-10T07:14:32.879382,GCP,northamerica-northeast1,34.118.178.175,GCP,us-west1,104.196.242.133,True,61.222,61.013,61.98
2025-09-10T07:14:44.399006,GCP,southamerica-east1,34.39.143.140,AWS,us-east-1,44.197.193.191,True,120.747,120.566,121.349
2025-09-10T07:14:58.311309,GCP,southamerica-east1,34.39.143.140,AWS,us-west-1,3.101.127.14,True,168.251,168.138,168.528
2025-09-10T07:15:11.124609,GCP,southamerica-east1,34.39.143.140,AWS,ca-central-1,35.183.28.222,True,135.564,135.363,136.364
2025-09-10T07:15:23.897122,GCP,southamerica-east1,34.39.143.140,AWS,sa-east-1,18.228.204.193,True,2.563,2.473,2.767
2025-09-10T07:15:36.551552,GCP,southamerica-east1,34.39.143.140,AWS,eu-west-1,54.77.196.70,True,197.383,197.314,197.59
2025-09-10T07:15:49.408861,GCP,southamerica-east1,34.39.143.140,AWS,eu-central-1,3.123.230.82,True,200.394,200.178,200.833
2025-09-10T07:16:02.532705,GCP,southamerica-east1,34.39.143.140,AWS,eu-south-2,51.48.141.201,True,208.106,207.969,208.367
2025-09-10T07:16:15.401162,GCP,southamerica-east1,34.39.143.140,AWS,me-south-1,157.175.43.197,True,296.098,296.0,296.591
2025-09-10T07:16:28.365050,GCP,southamerica-east1,34.39.143.140,AWS,af-south-1,13.245.80.26,True,325.823,325.682,326.045
2025-09-10T07:16:41.345119,GCP,southamerica-east1,34.39.143.140,AWS,ap-northeast-1,18.178.203.193,True,255.787,255.637,256.187
2025-09-10T07:16:54.276865,GCP,southamerica-east1,34.39.143.140,AWS,ap-northeast-2,43.201.82.223,True,285.571,285.419,286.332
2025-09-10T07:17:07.612262,GCP,southamerica-east1,34.39.143.140,AWS,ap-southeast-1,54.254.178.108,True,324.248,322.923,330.087
2025-09-10T07:17:20.628766,GCP,southamerica-east1,34.39.143.140,AWS,ap-south-1,3.7.255.134,True,368.81,368.638,369.665
2025-09-10T07:17:33.670490,GCP,southamerica-east1,34.39.143.140,GCP,asia-east2,35.220.211.82,True,299.534,299.349,300.349
2025-09-10T07:17:46.680433,GCP,southamerica-east1,34.39.143.140,GCP,asia-northeast1,34.146.49.43,True,257.088,256.811,257.7
2025-09-10T07:17:59.568605,GCP,southamerica-east1,34.39.143.140,GCP,asia-south1,34.14.206.223,True,370.822,370.694,371.187
2025-09-10T07:18:12.819131,GCP,southamerica-east1,34.39.143.140,GCP,asia-southeast1,34.143.249.209,True,313.182,313.029,313.929
2025-09-10T07:18:25.811246,GCP,southamerica-east1,34.39.143.140,GCP,australia-southeast1,35.189.28.92,True,298.546,298.41,299.099
2025-09-10T07:18:38.830572,GCP,southamerica-east1,34.39.143.140,GCP,europe-central2,34.118.104.209,True,209.981,209.83,210.827
2025-09-10T07:18:51.716222,GCP,southamerica-east1,34.39.143.140,GCP,europe-west12,34.17.98.142,True,204.628,204.438,205.169
2025-09-10T07:19:04.634296,GCP,southamerica-east1,34.39.143.140,GCP,europe-west4,35.204.253.143,True,201.449,201.198,202.27
2025-09-10T07:19:17.851594,GCP,southamerica-east1,34.39.143.140,GCP,northamerica-northeast1,34.118.178.175,True,128.241,128.03,128.924
2025-09-10T07:19:30.677087,GCP,southamerica-east1,34.39.143.140,GCP,us-east4,34.186.64.79,True,114.243,113.954,116.127
2025-09-10T07:19:43.434844,GCP,southamerica-east1,34.39.143.140,GCP,us-west1,104.196.242.133,True,205.82,169.391,529.322
2025-09-10T07:19:56.277556,GCP,us-east4,34.186.64.79,AWS,us-east-1,44.197.193.191,True,2.348,2.104,3.612
2025-09-10T07:20:08.813986,GCP,us-east4,34.186.64.79,AWS,us-west-1,3.101.127.14,True,62.054,61.879,63.078
2025-09-10T07:20:20.246094,GCP,us-east4,34.186.64.79,AWS,ca-central-1,35.183.28.222,True,15.682,15.443,17.379
2025-09-10T07:20:31.674030,GCP,us-east4,34.186.64.79,AWS,sa-east-1,18.228.204.193,True,114.873,114.676,116.191
2025-09-10T07:20:43.118473,GCP,us-east4,34.186.64.79,AWS,eu-west-1,54.77.196.70,True,84.031,83.793,85.764
2025-09-10T07:20:54.541311,GCP,us-east4,34.186.64.79,AWS,eu-central-1,3.123.230.82,True,88.767,88.611,89.55
2025-09-10T07:21:06.023787,GCP,us-east4,34.186.64.79,AWS,eu-south-2,51.48.141.201,True,98.516,98.3,100.127
2025-09-10T07:21:17.741475,GCP,us-east4,34.186.64.79,AWS,me-south-1,157.175.43.197,True,178.336,178.109,179.837
2025-09-10T07:21:29.264839,GCP,us-east4,34.186.64.79,AWS,af-south-1,13.245.80.26,True,212.662,212.452,214.032
2025-09-10T07:21:40.827125,GCP,us-east4,34.186.64.79,AWS,ap-northeast-1,18.178.203.193,True,149.762,149.56,151.149
2025-09-10T07:21:52.383820,GCP,us-east4,34.186.64.79,AWS,ap-northeast-2,43.201.82.223,True,180.146,179.922,181.668
2025-09-10T07:22:03.932773,GCP,us-east4,34.186.64.79,AWS,ap-southeast-1,54.254.178.108,True,217.005,216.818,218.388
2025-09-10T07:22:15.512170,GCP,us-east4,34.186.64.79,AWS,ap-south-1,3.7.255.134,True,254.126,253.907,255.728
2025-09-10T07:22:27.379324,GCP,us-east4,34.186.64.79,GCP,asia-east2,35.220.211.82,True,195.335,195.031,197.24
2025-09-10T07:22:38.979052,GCP,us-east4,34.186.64.79,GCP,asia-northeast1,34.146.49.43,True,146.512,146.246,148.204
2025-09-10T07:22:50.538597,GCP,us-east4,34.186.64.79,GCP,asia-south1,34.14.206.223,True,278.718,278.43,280.425
2025-09-10T07:23:02.213616,GCP,us-east4,34.186.64.79,GCP,asia-southeast1,34.143.249.209,True,216.391,216.061,218.396
2025-09-10T07:23:13.801050,GCP,us-east4,34.186.64.79,GCP,australia-southeast1,35.189.28.92,True,192.358,192.15,193.757
2025-09-10T07:23:25.339489,GCP,us-east4,34.186.64.79,GCP,europe-central2,34.118.104.209,True,98.096,97.871,99.624
2025-09-10T07:23:37.022548,GCP,us-east4,34.186.64.79,GCP,europe-west12,34.17.98.142,True,91.721,91.429,93.462
2025-09-10T07:23:48.518399,GCP,us-east4,34.186.64.79,GCP,europe-west4,35.204.253.143,True,87.189,86.826,89.291
2025-09-10T07:23:59.974451,GCP,us-east4,34.186.64.79,GCP,northamerica-northeast1,34.118.178.175,True,16.187,15.447,20.063
2025-09-10T07:24:11.404815,GCP,us-east4,34.186.64.79,GCP,southamerica-east1,34.39.143.140,True,113.997,113.725,115.897
2025-09-10T07:24:22.903137,GCP,us-east4,34.186.64.79,GCP,us-west1,104.196.242.133,True,56.241,55.844,58.57
2025-09-10T07:24:34.309052,GCP,us-west1,104.196.242.133,AWS,us-east-1,44.197.193.191,True,61.674,61.473,61.83
2025-09-10T07:24:46.727372,GCP,us-west1,104.196.242.133,AWS,us-west-1,3.101.127.14,True,21.016,20.856,21.212
2025-09-10T07:24:57.440857,GCP,us-west1,104.196.242.133,AWS,ca-central-1,35.183.28.222,True,75.831,75.712,76.21
2025-09-10T07:25:08.307898,GCP,us-west1,104.196.242.133,AWS,sa-east-1,18.228.204.193,True,177.117,177.024,177.466
2025-09-10T07:25:19.208494,GCP,us-west1,104.196.242.133,AWS,eu-west-1,54.77.196.70,True,136.151,136.011,136.299
2025-09-10T07:25:30.046739,GCP,us-west1,104.196.242.133,AWS,eu-central-1,3.123.230.82,True,140.386,140.245,140.805
2025-09-10T07:25:40.881270,GCP,us-west1,104.196.242.133,AWS,eu-south-2,51.48.141.201,True,148.982,148.873,149.205
2025-09-10T07:25:52.727777,GCP,us-west1,104.196.242.133,AWS,me-south-1,157.175.43.197,True,235.934,235.818,236.17
2025-09-10T07:26:03.691538,GCP,us-west1,104.196.242.133,AWS,af-south-1,13.245.80.26,True,263.878,263.752,264.133
2025-09-10T07:26:14.699639,GCP,us-west1,104.196.242.133,AWS,ap-northeast-1,18.178.203.193,True,94.414,94.251,94.638
2025-09-10T07:26:25.479158,GCP,us-west1,104.196.242.133,AWS,ap-northeast-2,43.201.82.223,True,123.963,123.892,124.225
2025-09-10T07:26:36.311419,GCP,us-west1,104.196.242.133,AWS,ap-southeast-1,54.254.178.108,True,157.598,157.497,157.805
2025-09-10T07:26:47.173237,GCP,us-west1,104.196.242.133,AWS,ap-south-1,3.7.255.134,True,222.194,222.051,222.637
2025-09-10T07:26:58.509529,GCP,us-west1,104.196.242.133,GCP,asia-east2,35.220.211.82,True,142.467,140.79,156.208
2025-09-10T07:27:09.327300,GCP,us-west1,104.196.242.133,GCP,asia-northeast1,34.146.49.43,True,90.941,90.743,91.608
2025-09-10T07:27:20.133866,GCP,us-west1,104.196.242.133,GCP,asia-south1,34.14.206.223,True,222.557,222.342,223.031
2025-09-10T07:27:31.109815,GCP,us-west1,104.196.242.133,GCP,asia-southeast1,34.143.249.209,True,161.689,161.406,162.204
2025-09-10T07:27:41.979593,GCP,us-west1,104.196.242.133,GCP,australia-southeast1,35.189.28.92,True,137.541,137.365,138.031
2025-09-10T07:27:52.863589,GCP,us-west1,104.196.242.133,GCP,europe-central2,34.118.104.209,True,151.987,151.786,152.662
2025-09-10T07:28:04.140664,GCP,us-west1,104.196.242.133,GCP,europe-west12,34.17.98.142,True,146.147,145.957,146.953
2025-09-10T07:28:15.031620,GCP,us-west1,104.196.242.133,GCP,europe-west4,35.204.253.143,True,135.944,135.668,136.693
2025-09-10T07:28:25.897814,GCP,us-west1,104.196.242.133,GCP,northamerica-northeast1,34.118.178.175,True,61.19,60.952,61.831
2025-09-10T07:28:36.626949,GCP,us-west1,104.196.242.133,GCP,southamerica-east1,34.39.143.140,True,169.707,169.447,170.23
2025-09-10T07:28:47.498616,GCP,us-west1,104.196.242.133,GCP,us-east4,34.186.64.79,True,56.617,55.932,61.142
